Name,Act,Episodes
The Dead at Highsun,Campaign%20f1686f2b662244058f63ac71c3f226ed/Storyline%20bc7cd2d090e148468f639c0f1fd214b4/Act%20I%20-%20Moonsea%206a920d64d08649ed8c95a2d3b1b6fdd4.md,"Adventure%20Log%20b83f65e74c754c43b86c8f06d716062e/The%20Cryptolab%20551608235ac4440399416630fe5f2df4.md, Adventure%20Log%20b83f65e74c754c43b86c8f06d716062e/Graveyard%20Smash%20e20f67b784974c0fb10c90bed4d2c90b.md"
The Scroll Thief,Campaign%20f1686f2b662244058f63ac71c3f226ed/Storyline%20bc7cd2d090e148468f639c0f1fd214b4/Act%20I%20-%20Moonsea%206a920d64d08649ed8c95a2d3b1b6fdd4.md,"Adventure%20Log%20b83f65e74c754c43b86c8f06d716062e/Scrolls%20and%20Secrets%209c25d3dba20b446bba4b5bb51f4a25d4.md, Adventure%20Log%20b83f65e74c754c43b86c8f06d716062e/Bloody%20Nose%20f5b658758299488e8bfbd08ad79f6c5a.md, Adventure%20Log%20b83f65e74c754c43b86c8f06d716062e/Hot%20on%20the%20Trail%204189e34ee9c344c2a073a35b15a3d493.md, Adventure%20Log%20b83f65e74c754c43b86c8f06d716062e/The%20Dragon's%20Swamp%20388dbdaa31f4464f8d3cf12910c26142.md, Adventure%20Log%20b83f65e74c754c43b86c8f06d716062e/A%20Modest%20Hoard%20db7cd973ca0d4b2fac0b82739437aaef.md, Adventure%20Log%20b83f65e74c754c43b86c8f06d716062e/The%20Teacher%20and%20the%20Student%200c2378eee2f649d187a07169b312dd9f.md, Adventure%20Log%20b83f65e74c754c43b86c8f06d716062e/Under%20Cover%20of%20Night%20c383bdb63952491798221988d5018113.md"
The Danger at Dusk,Campaign%20f1686f2b662244058f63ac71c3f226ed/Storyline%20bc7cd2d090e148468f639c0f1fd214b4/Act%20I%20-%20Moonsea%206a920d64d08649ed8c95a2d3b1b6fdd4.md,"Adventure%20Log%20b83f65e74c754c43b86c8f06d716062e/Without%20a%20Paddle%201e6236e1df264d68a8ec1a1efc8bb76d.md, Adventure%20Log%20b83f65e74c754c43b86c8f06d716062e/They%20Ain't%20Healing%20a12aae470acf4186b77e552bba136744.md, Adventure%20Log%20b83f65e74c754c43b86c8f06d716062e/Scary%20Larry%20025234579f874b16b158465ba3ea9c67.md, Adventure%20Log%20b83f65e74c754c43b86c8f06d716062e/Prison%20Break%2011a6f533f96e4e32b63df9291daf4525.md"
The Meeting at Deepnight,Campaign%20f1686f2b662244058f63ac71c3f226ed/Storyline%20bc7cd2d090e148468f639c0f1fd214b4/Act%20I%20-%20Moonsea%206a920d64d08649ed8c95a2d3b1b6fdd4.md,"Adventure%20Log%20b83f65e74c754c43b86c8f06d716062e/Helping%20the%20Harper%2027bb86650c984ad5a38344c192583f46.md, Adventure%20Log%20b83f65e74c754c43b86c8f06d716062e/Deals%20Within%20Deals%20c9141d01409a413287efc58b4f3e4f26.md, Adventure%20Log%20b83f65e74c754c43b86c8f06d716062e/Forced%20Confession%2054e93b08c24d4783a14a1b94b2f38f4e.md"
Corruption in Kryptgarden,Campaign%20f1686f2b662244058f63ac71c3f226ed/Storyline%20bc7cd2d090e148468f639c0f1fd214b4/Act%20I%20-%20Moonsea%206a920d64d08649ed8c95a2d3b1b6fdd4.md,"Adventure%20Log%20b83f65e74c754c43b86c8f06d716062e/Roarke%20House%2084655db29a7c4b67a1089ebdd1d243c9.md, Adventure%20Log%20b83f65e74c754c43b86c8f06d716062e/Hot%20Children%20in%20the%20City%20c99e7eff2b71453fa362820081911a6e.md, Adventure%20Log%20b83f65e74c754c43b86c8f06d716062e/The%20Troll%20Hole%20fbe00e9390f042a59fef60306f044d00.md, Adventure%20Log%20b83f65e74c754c43b86c8f06d716062e/War%20Room%20c1b9178478ba4ea78ea9c55602510f1d.md, Adventure%20Log%20b83f65e74c754c43b86c8f06d716062e/Witchthorn's%20Oath%2098ecbfd4960545a0ab85dd71ca362d68.md, Adventure%20Log%20b83f65e74c754c43b86c8f06d716062e/Hagar%20Bites%20the%20Dust%20a1cb6a7b8c634a31bd92458f6dea77c3.md, Adventure%20Log%20b83f65e74c754c43b86c8f06d716062e/Deal's%20Off%200d6d5c31047c46edac275575d4e5accb.md, Adventure%20Log%20b83f65e74c754c43b86c8f06d716062e/What's%20Up%20With%20That%20Catapult%205dfce46be2db4cefafd31c5f8865d4b3.md, Adventure%20Log%20b83f65e74c754c43b86c8f06d716062e/Homefront%20b690486bb8034a85aa626c0e9f1e9a61.md, Adventure%20Log%20b83f65e74c754c43b86c8f06d716062e/Oh,%20They%20DEFINITELY%20Adventured%201c5132371f7b4fb7afd682193a5293d7.md"
Tyranny in Phlan,Campaign%20f1686f2b662244058f63ac71c3f226ed/Storyline%20bc7cd2d090e148468f639c0f1fd214b4/Act%20I%20-%20Moonsea%206a920d64d08649ed8c95a2d3b1b6fdd4.md,"Adventure%20Log%20b83f65e74c754c43b86c8f06d716062e/A%20Man%20on%20the%20Inside%202ca9e9d4035840e38737273cc2462b00.md, Adventure%20Log%20b83f65e74c754c43b86c8f06d716062e/Coming%20of%20Age%206cb789c75ba941d3a466b0004259492c.md, Adventure%20Log%20b83f65e74c754c43b86c8f06d716062e/Work-Life%20Balance%20f5afcdfcb4d2404e953455c4fb46e2a4.md, Adventure%20Log%20b83f65e74c754c43b86c8f06d716062e/Pool's%20Closed%2024dde26fe28740989ba10c451bead9bd.md, Adventure%20Log%20b83f65e74c754c43b86c8f06d716062e/First%20Day%20of%20School%20fd9938604a0041b693d76decf4416e2c.md, Adventure%20Log%20b83f65e74c754c43b86c8f06d716062e/Chamber%20Pots%20and%20Smoke%20Spots%20e542126f23f64c5587b18e5dc0b411e7.md, Adventure%20Log%20b83f65e74c754c43b86c8f06d716062e/Your%20Dad%20Met%20a%20Grave%20Fate%20eeec8d191fd747a3967af11ddc21ac85.md, Adventure%20Log%20b83f65e74c754c43b86c8f06d716062e/Can%20I%20Get%20That%20To%20Go%203073a21b4ec6470a9eb8134197249f0c.md, Adventure%20Log%20b83f65e74c754c43b86c8f06d716062e/Sky%20Prince%2060e43c10951241b888af8ed15a3f6e7a.md, Adventure%20Log%20b83f65e74c754c43b86c8f06d716062e/Prince%20of%20Egypt%20Type%20Shit%201cffc1b38d5b446d979351ff998cd0b3.md, Adventure%20Log%20b83f65e74c754c43b86c8f06d716062e/End%20of%20the%20Line%20d70e88a35d654d9eba1858c5ce6bd7e7.md"
Outlaws of the Iron Route,Campaign%20f1686f2b662244058f63ac71c3f226ed/Storyline%20bc7cd2d090e148468f639c0f1fd214b4/Act%20I%20-%20Moonsea%206a920d64d08649ed8c95a2d3b1b6fdd4.md,"Adventure%20Log%20b83f65e74c754c43b86c8f06d716062e/Out%20of%20the%20Woods%20cf948dc8d43d42a4aedd8036c22970a8.md, Adventure%20Log%20b83f65e74c754c43b86c8f06d716062e/Riot!%20bbf52cc0640045a2b3f9fbb31e7f9a1f.md, Adventure%20Log%20b83f65e74c754c43b86c8f06d716062e/Heifer%20of%20a%20Situation%202b4c6d8e60a4436b914261c1815726cd.md, Adventure%20Log%20b83f65e74c754c43b86c8f06d716062e/Seeing%20Green%2072b3e487ef45438f9cb9ef53a3080530.md, Adventure%20Log%20b83f65e74c754c43b86c8f06d716062e/Quid%20Pro%20Quo%207da7c363319c465f95dc26bc942ebd53.md, Adventure%20Log%20b83f65e74c754c43b86c8f06d716062e/Walharrow's%20Wrath%206b2ea07a11454d74978191d01b8b7f4f.md, Adventure%20Log%20b83f65e74c754c43b86c8f06d716062e/You've%20Been%20Compromised%20247a927fd93946b38937534262e7516c.md, Adventure%20Log%20b83f65e74c754c43b86c8f06d716062e/Tight%20and%20Fit%20af82105714cf4d2fa0b319a9c2615c27.md, Adventure%20Log%20b83f65e74c754c43b86c8f06d716062e/S%20E%20A%20L%20Team%202%205%20bf1a2fe86a6d47dd8fbb41ed644dc893.md, Adventure%20Log%20b83f65e74c754c43b86c8f06d716062e/The%20Screech%20of%20the%20Owl%2064d75e44f3d8432580165b930838b410.md, Adventure%20Log%20b83f65e74c754c43b86c8f06d716062e/Call%20Me%20the%20Prophecy%20c7d11ce8db93408da97f8742bd58eda2.md, Adventure%20Log%20b83f65e74c754c43b86c8f06d716062e/The%20Gang%20Gets%20Stung%20be31046cbcba4711b9bc1830fe0f9813.md, Adventure%20Log%20b83f65e74c754c43b86c8f06d716062e/Jeralla%20Betrayed%20b66a48a951324e5b82aa7305fe19cbd6.md, Adventure%20Log%20b83f65e74c754c43b86c8f06d716062e/A%20Knight%20Lieutenant's%20Tale%20e510b4159be148caa55a33a0c6b39493.md, Adventure%20Log%20b83f65e74c754c43b86c8f06d716062e/Lighting%20the%20Pyre%2017b74e7855b04b6291b6cbefdbb3ee41.md, Adventure%20Log%20b83f65e74c754c43b86c8f06d716062e/What%20Dreams%20May%20Come%20608e7b75f3434b1195684b5ec26bdff5.md, Adventure%20Log%20b83f65e74c754c43b86c8f06d716062e/Payday%2038074e544ca841929085e02edf9cfc77.md"
The Courting of Fire,Campaign%20f1686f2b662244058f63ac71c3f226ed/Storyline%20bc7cd2d090e148468f639c0f1fd214b4/Act%20I%20-%20Moonsea%206a920d64d08649ed8c95a2d3b1b6fdd4.md,"Adventure%20Log%20b83f65e74c754c43b86c8f06d716062e/Unrepentant%2008fdddd0ca2e426797341e859737e18f.md, Adventure%20Log%20b83f65e74c754c43b86c8f06d716062e/Taking%20Custody%20a7c891d5a39a4bfcaebe8ca7301fef06.md"
Tales Trees Tell,Campaign%20f1686f2b662244058f63ac71c3f226ed/Storyline%20bc7cd2d090e148468f639c0f1fd214b4/Act%20I%20-%20Moonsea%206a920d64d08649ed8c95a2d3b1b6fdd4.md,"Adventure%20Log%20b83f65e74c754c43b86c8f06d716062e/Highharvesttide%20ef643b94c8264e1d8cda42e990e8ccae.md, Adventure%20Log%20b83f65e74c754c43b86c8f06d716062e/Last%20Rites%20d96529c11d9d4c49b6b4a84665c1fec9.md, Adventure%20Log%20b83f65e74c754c43b86c8f06d716062e/Into%20the%20Woods%209685dd6a4f2f471d9c33523c7b951a0d.md, Adventure%20Log%20b83f65e74c754c43b86c8f06d716062e/Apex%20Predators%200c3566a9fc1541989c3f40afe0bfbdd8.md, Adventure%20Log%20b83f65e74c754c43b86c8f06d716062e/Greenhall%202ca0912002d34964bfeb4bd79bae63fa.md, Adventure%20Log%20b83f65e74c754c43b86c8f06d716062e/A%20Hag's%20Home%20322231afa5bf4749b37b030c7f3d9f92.md, Adventure%20Log%20b83f65e74c754c43b86c8f06d716062e/Prodigal%20Son%20fa603561bda14e1a8ffb5b63f7f200e5.md"
The Traitor in Purple,Campaign%20f1686f2b662244058f63ac71c3f226ed/Storyline%20bc7cd2d090e148468f639c0f1fd214b4/Act%20I%20-%20Moonsea%206a920d64d08649ed8c95a2d3b1b6fdd4.md,"Adventure%20Log%20b83f65e74c754c43b86c8f06d716062e/Think%20of%20the%20Children%2065a62dbd3c884b708c307682e428dd14.md, Adventure%20Log%20b83f65e74c754c43b86c8f06d716062e/Bricks%20in%20the%20Wall%2016b41622eb094caaa15c3d77bc4ea79d.md"
Construction Ahead,Campaign%20f1686f2b662244058f63ac71c3f226ed/Storyline%20bc7cd2d090e148468f639c0f1fd214b4/Act%20II%20-%20Skyreach%2091cb4d1edf2d4d9cb9f1c55703732341.md,"Adventure%20Log%20b83f65e74c754c43b86c8f06d716062e/200%20for%20the%20Kid%20554f79fa21c04f6fa134146cd878614e.md, Adventure%20Log%20b83f65e74c754c43b86c8f06d716062e/The%20Joy%20of%20Exploration%20and%20Discovery%20b2dc58614f624382abf38db8728fecb5.md, Adventure%20Log%20b83f65e74c754c43b86c8f06d716062e/Turn%20Your%20Head%20and%20Cough%203c8879ce07804afb970fea2a0813538e.md, Adventure%20Log%20b83f65e74c754c43b86c8f06d716062e/The%20Mail%20Mage%20f43f6ed4d2aa462689b939ad57a9b4ab.md, Adventure%20Log%20b83f65e74c754c43b86c8f06d716062e/Industrial%20Espionage%2075f79aa25aff470fa14ed046f0be4dae.md, Adventure%20Log%20b83f65e74c754c43b86c8f06d716062e/My%20Wife%20Left%20Me%20c3c01e815dcc4791abc28020fde2e730.md, Adventure%20Log%20b83f65e74c754c43b86c8f06d716062e/Murder%20Most%20Foul%20cc8f6ef8396d417a9c7f946ed28802f8.md, Adventure%20Log%20b83f65e74c754c43b86c8f06d716062e/Bear%20Shits%20in%20Woods%205f5a40cfdd394e6aaa57b21d1685772c.md, Adventure%20Log%20b83f65e74c754c43b86c8f06d716062e/Grudge%20Match%20b938a44bb28b490599e1d6b022942333.md, Adventure%20Log%20b83f65e74c754c43b86c8f06d716062e/Giuseppe%20the%20Spy%20578cde655d53431e98d88d75ae093f1e.md, Adventure%20Log%20b83f65e74c754c43b86c8f06d716062e/Can't%20See%20Me%20Own%20Boobs%20495ee5d4847944409eeae720a52370f0.md, Adventure%20Log%20b83f65e74c754c43b86c8f06d716062e/Down%20the%20Hatch%207b761e39035f4bea9a831be1d9381d26.md"
Castle Naerytar,Campaign%20f1686f2b662244058f63ac71c3f226ed/Storyline%20bc7cd2d090e148468f639c0f1fd214b4/Act%20II%20-%20Skyreach%2091cb4d1edf2d4d9cb9f1c55703732341.md,"Adventure%20Log%20b83f65e74c754c43b86c8f06d716062e/A%20Rebellion%20is%20Born%205ead533b612f4e9897ad1047f0dacb60.md, Adventure%20Log%20b83f65e74c754c43b86c8f06d716062e/Behind%20Enemy%20Lines%2086935dc57b5a4a899c51cfdd3a22f0ba.md, Adventure%20Log%20b83f65e74c754c43b86c8f06d716062e/The%20Chalkboard%20Technique%20e9384607b8d04d15b42c6e418b655686.md, Adventure%20Log%20b83f65e74c754c43b86c8f06d716062e/This%20Shit%20Just%20Got%20Real%20c4a0be965e644dd3ac536606f48f3461.md, Adventure%20Log%20b83f65e74c754c43b86c8f06d716062e/Toilet%20Tower%20f10a9dcbdb514158a3a7ca9448ed6319.md, Adventure%20Log%20b83f65e74c754c43b86c8f06d716062e/Natural%20Male%20Enhancement%2068d4536fdfbb407eb125f15d729b2748.md, Adventure%20Log%20b83f65e74c754c43b86c8f06d716062e/Hey%20Ladies!%20aa9ce6bdb6d6400eaabb9f0a33e23fbe.md, Adventure%20Log%20b83f65e74c754c43b86c8f06d716062e/Boxmaker's%20Union%20cb6cdb30de2e4e54a0643b269cb3cbc1.md, Adventure%20Log%20b83f65e74c754c43b86c8f06d716062e/Opening%20New%20Doors%2047cf206aba5d45f5b5be1c4995b0a74e.md, Adventure%20Log%20b83f65e74c754c43b86c8f06d716062e/Discreet%20Opals%203531cbed03ce4df484b02ccc09d255f1.md, Adventure%20Log%20b83f65e74c754c43b86c8f06d716062e/The%20Butcher%20of%20Castle%20Naerytar%206e1918493fbc4306b26c1e8719ccd46a.md, Adventure%20Log%20b83f65e74c754c43b86c8f06d716062e/Where%20Is%20Your%20God%20Now%20c76a463564374aa0b85775992c999722.md, Adventure%20Log%20b83f65e74c754c43b86c8f06d716062e/Tasty%20Legs%20c6203c949ba24649959bd3fd9160cd6d.md, Adventure%20Log%20b83f65e74c754c43b86c8f06d716062e/You%20Only%20Live%20Twice%2092bf783ceff346899842222467057e70.md, Adventure%20Log%20b83f65e74c754c43b86c8f06d716062e/Is%20That%20My%20Jimmies%20Rustling%20214b02a3d34e43bfb02fe6f635e472cd.md, Adventure%20Log%20b83f65e74c754c43b86c8f06d716062e/Is%20This%20The%20Fuck%20Zone%200b1a679171bd48e4a4109339a762f09b.md"
Hunting Lodge,Campaign%20f1686f2b662244058f63ac71c3f226ed/Storyline%20bc7cd2d090e148468f639c0f1fd214b4/Act%20II%20-%20Skyreach%2091cb4d1edf2d4d9cb9f1c55703732341.md,"Adventure%20Log%20b83f65e74c754c43b86c8f06d716062e/Play%20Dead%2020789beba3d64805aa068d35bd4397e9.md, Adventure%20Log%20b83f65e74c754c43b86c8f06d716062e/Be%20Our%20Guest%208fa9322603ef4d33961421f626188719.md, Adventure%20Log%20b83f65e74c754c43b86c8f06d716062e/Concealed%20Docking%20600a94a8a08243c69d552a58eeeb2c3e.md"
Castle in the Clouds,Campaign%20f1686f2b662244058f63ac71c3f226ed/Storyline%20bc7cd2d090e148468f639c0f1fd214b4/Act%20II%20-%20Skyreach%2091cb4d1edf2d4d9cb9f1c55703732341.md,"Adventure%20Log%20b83f65e74c754c43b86c8f06d716062e/Going%20Full%20Asshole%20c32f8461f9f745d789884435c32bb5aa.md, Adventure%20Log%20b83f65e74c754c43b86c8f06d716062e/Leaking%20With%20Style%20197f7947d58d49e681c9f589da257c81.md, Adventure%20Log%20b83f65e74c754c43b86c8f06d716062e/Castle%20Crashers%2031d96bf125e24e6599aeb92e1d605bf5.md"
Varram the White,Campaign%20f1686f2b662244058f63ac71c3f226ed/Storyline%20bc7cd2d090e148468f639c0f1fd214b4/Act%20III%20%E2%80%9CRevelations%E2%80%9D%20c9ec85d8f8d548eca65e83ec9e03b0e6.md,
The Sea of Moving Ice,Campaign%20f1686f2b662244058f63ac71c3f226ed/Storyline%20bc7cd2d090e148468f639c0f1fd214b4/Act%20III%20%E2%80%9CRevelations%E2%80%9D%20c9ec85d8f8d548eca65e83ec9e03b0e6.md,
First Council of Waterdeep,Campaign%20f1686f2b662244058f63ac71c3f226ed/Storyline%20bc7cd2d090e148468f639c0f1fd214b4/Act%20III%20%E2%80%9CRevelations%E2%80%9D%20c9ec85d8f8d548eca65e83ec9e03b0e6.md,
Windsong Tower,Campaign%20f1686f2b662244058f63ac71c3f226ed/Storyline%20bc7cd2d090e148468f639c0f1fd214b4/Act%20III%20%E2%80%9CRevelations%E2%80%9D%20c9ec85d8f8d548eca65e83ec9e03b0e6.md,
"The Cult Strikes Back, Pt. 1",Campaign%20f1686f2b662244058f63ac71c3f226ed/Storyline%20bc7cd2d090e148468f639c0f1fd214b4/Act%20III%20%E2%80%9CRevelations%E2%80%9D%20c9ec85d8f8d548eca65e83ec9e03b0e6.md,
Evereska,Campaign%20f1686f2b662244058f63ac71c3f226ed/Storyline%20bc7cd2d090e148468f639c0f1fd214b4/Act%20III%20%E2%80%9CRevelations%E2%80%9D%20c9ec85d8f8d548eca65e83ec9e03b0e6.md,
Neronvain,Campaign%20f1686f2b662244058f63ac71c3f226ed/Storyline%20bc7cd2d090e148468f639c0f1fd214b4/Act%20IV%20-%20The%20North%20Remembers%202b951c2b7efc46a7a4282c655408d0bf.md,
"The Cult Strikes Back, Pt. 2",Campaign%20f1686f2b662244058f63ac71c3f226ed/Storyline%20bc7cd2d090e148468f639c0f1fd214b4/Act%20IV%20-%20The%20North%20Remembers%202b951c2b7efc46a7a4282c655408d0bf.md,
Second Council of Waterdeep,Campaign%20f1686f2b662244058f63ac71c3f226ed/Storyline%20bc7cd2d090e148468f639c0f1fd214b4/Act%20IV%20-%20The%20North%20Remembers%202b951c2b7efc46a7a4282c655408d0bf.md,
Candlekeep,Campaign%20f1686f2b662244058f63ac71c3f226ed/Storyline%20bc7cd2d090e148468f639c0f1fd214b4/Act%20IV%20-%20The%20North%20Remembers%202b951c2b7efc46a7a4282c655408d0bf.md,
"Metallic Dragons, Arise",Campaign%20f1686f2b662244058f63ac71c3f226ed/Storyline%20bc7cd2d090e148468f639c0f1fd214b4/Act%20IV%20-%20The%20North%20Remembers%202b951c2b7efc46a7a4282c655408d0bf.md,
"The Cult Strikes Back, Pt. 3",Campaign%20f1686f2b662244058f63ac71c3f226ed/Storyline%20bc7cd2d090e148468f639c0f1fd214b4/Act%20V%20-%20Enemy%20of%20My%20Enemy%20f23d192190834cc0a65aab4450ba74c1.md,
Third Council of Waterdeep,Campaign%20f1686f2b662244058f63ac71c3f226ed/Storyline%20bc7cd2d090e148468f639c0f1fd214b4/Act%20V%20-%20Enemy%20of%20My%20Enemy%20f23d192190834cc0a65aab4450ba74c1.md,
Xonthal's Tower,Campaign%20f1686f2b662244058f63ac71c3f226ed/Storyline%20bc7cd2d090e148468f639c0f1fd214b4/Act%20V%20-%20Enemy%20of%20My%20Enemy%20f23d192190834cc0a65aab4450ba74c1.md,
Hunting the Shard,Campaign%20f1686f2b662244058f63ac71c3f226ed/Storyline%20bc7cd2d090e148468f639c0f1fd214b4/Act%20V%20-%20Enemy%20of%20My%20Enemy%20f23d192190834cc0a65aab4450ba74c1.md,
Mission to Thay,Campaign%20f1686f2b662244058f63ac71c3f226ed/Storyline%20bc7cd2d090e148468f639c0f1fd214b4/Act%20V%20-%20Enemy%20of%20My%20Enemy%20f23d192190834cc0a65aab4450ba74c1.md,
Spell-Major,Campaign%20f1686f2b662244058f63ac71c3f226ed/Storyline%20bc7cd2d090e148468f639c0f1fd214b4/Act%20V%20-%20Enemy%20of%20My%20Enemy%20f23d192190834cc0a65aab4450ba74c1.md,
Tiamat's Return,Campaign%20f1686f2b662244058f63ac71c3f226ed/Storyline%20bc7cd2d090e148468f639c0f1fd214b4/Act%20VI%20-%20Return%20of%20the%20Queen%2005682d9c7f274d52ba21054eb9c9c999.md,
Fourth Council of Waterdeep,Campaign%20f1686f2b662244058f63ac71c3f226ed/Storyline%20bc7cd2d090e148468f639c0f1fd214b4/Act%20VI%20-%20Return%20of%20the%20Queen%2005682d9c7f274d52ba21054eb9c9c999.md,
Adventure,,
,,